Year,Literacy
2000,0.61
2001,0.61
2002,0.61
2003,0.6275
2004,0.645
2005,0.6625000000000001
2006,0.68
2007,0.6900000000000001
2008,0.7000000000000001
2009,0.71
2010,0.72
2011,0.73
2012,0.74
2013,0.747
2014,0.754
2015,0.761
2016,0.768
2017,0.775
2018,0.782
2019,0.789
2020,0.796
2021,0.803
2022,0.81
2023,0.81
