Year,WPR
2000,49.05
2001,48.28
2002,47.51
2003,46.73
2004,45.94
2005,45.14
2006,43.37
2007,41.62
2008,39.89
2009,38.17
2010,36.48
2011,35.21
2012,33.95
2013,33.49
2014,32.93
2015,32.26
2016,31.57
2017,30.85
2018,30.09
2019,29.3
2020,28.55
2021,28.94
2022,29.46
